{"cameraMode":{"drawMode":0,"name":"Shaded","section":"Shading Mode"},"sceneLighting":false,"audioPlay":true,"sceneViewState":{"m_AlwaysRefresh":false,"showFog":true,"showSkybox":false,"showFlares":true,"showImageEffects":true,"showParticleSystems":true,"showVisualEffectGraphs":true,"m_FxEnabled":true},"in2DMode":false,"pivot":{"x":8.135248184204102,"y":-6.212162494659424,"z":0.9035758972167969},"rotation":{"x":0.0005993118975311518,"y":-0.0551881268620491,"z":0.00003238786666770466,"w":0.998485803604126},"size":18.52151870727539,"orthographic":true}